{"20230426": [{"x": 317.5833333333333, "y": 1801.8333333333333, "diameter": 3.9088200952233594, "perimeter": 10.82842712474619, "eccentricity": 0.8230173129766363}, {"x": 525.6521739130435, "y": 1968.9130434782608, "diameter": 5.4115163798060095, "perimeter": 15.899494936611665, "eccentricity": 0.7753905023670725}]}