{"20230424": [{"x": 199.75, "y": 321.25, "diameter": 2.256758334191025, "perimeter": 3.2071067811865475, "eccentricity": 0.9128709291752769}, {"x": 573.4098360655738, "y": 1961.8032786885246, "diameter": 8.812923024107548, "perimeter": 30.38477631085024, "eccentricity": 0.7349518276977435}], "20230426": [{"x": 282.0, "y": 598.6666666666666, "diameter": 2.763953195770684, "perimeter": 6.82842712474619, "eccentricity": 0.40824829046386313}, {"x": 317.0, "y": 1803.125, "diameter": 4.51351666838205, "perimeter": 12.48528137423857, "eccentricity": 0.740971222810684}, {"x": 525.7586206896551, "y": 1969.5172413793102, "diameter": 6.076507779746499, "perimeter": 17.899494936611667, "eccentricity": 0.8057386827045853}]}